entry_time,entry_index,entry_price,prob,p_tp,p_liq,exit_time,exit_index,exit_price,pnl,win
2024-08-24T16:25:00,25480,2790.37,0.7135163,2868.982333,2752.0531465,2024-08-24T21:37:00,25792,2752.0531465,-10.0,0
2024-08-24T16:26:00,25481,2800.01,0.778905,2878.893918090909,2761.5607717727275,2024-08-24T21:36:00,25791,2761.5607717727275,-10.0,0
2024-09-21T00:22:00,64837,2577.9,0.6962646,2650.526473636364,2542.500745909091,2024-09-21T01:53:00,64928,2542.500745909091,-10.0,0
2024-09-21T00:23:00,64838,2573.93,0.688657,2646.4446279090907,2538.5852612272724,2024-09-21T02:07:00,64942,2538.5852612272724,-10.0,0
2024-12-09T21:04:00,179839,3547.16,0.7444119,3647.093171272727,3498.4510438181815,2024-12-09T21:05:00,179840,3498.4510438181815,-10.0,0
2025-01-02T00:26:00,213161,3387.49,0.6879414,3482.9248319090907,3340.9736032272726,2025-01-02T13:01:00,213916,3482.9248319090907,15.0,1
2025-02-25T07:26:00,291341,2326.07,0.69027394,2391.601735727273,2294.1288296818184,2025-02-25T08:06:00,291381,2391.601735727273,15.0,1
2025-02-25T07:34:00,291349,2338.58,0.75042886,2404.4641765454544,2306.4670446363634,2025-02-25T08:19:00,291394,2404.4641765454544,15.0,1
2025-02-25T07:37:00,291352,2335.58,0.6889476,2401.3796583636363,2303.508240090909,2025-02-25T08:19:00,291394,2401.3796583636363,15.0,1
2025-03-02T15:45:00,299040,2230.54,0.7246934,2293.380395090909,2199.9106302727273,2025-03-02T16:34:00,299089,2293.380395090909,15.0,1
2025-03-02T15:46:00,299041,2229.31,0.70467067,2292.1157426363634,2198.697520409091,2025-03-02T16:34:00,299089,2292.1157426363634,15.0,1
2025-03-02T15:48:00,299043,2239.2,0.69128174,2302.2843709090907,2208.4517127272725,2025-03-02T16:34:00,299089,2302.2843709090907,15.0,1
2025-03-04T14:41:00,301856,2132.89,0.69720984,2192.9793282727273,2103.6015423181816,2025-03-04T14:43:00,301858,2103.6015423181816,-10.0,0
2025-03-04T14:42:00,301857,2109.15,0.7965402,2168.570507727273,2080.187535681818,2025-03-04T14:59:00,301874,2080.187535681818,-10.0,0
2025-03-04T14:43:00,301858,2113.61,0.7359637,2173.1561580909092,2084.5862917727272,2025-03-04T14:59:00,301874,2084.5862917727272,-10.0,0
2025-03-04T14:44:00,301859,2115.78,0.7100519,2175.3872929090912,2086.726493727273,2025-03-04T14:59:00,301874,2086.726493727273,-10.0,0
2025-03-04T14:45:00,301860,2111.47,0.7192194,2170.9558684545455,2082.475677863636,2025-03-04T14:59:00,301874,2082.475677863636,-10.0,0
2025-03-11T00:50:00,311105,1793.44,0.71128017,1843.966096,1768.8128080000001,2025-03-11T00:51:00,311106,1768.8128080000001,-10.0,0
2025-03-11T00:51:00,311106,1760.43,0.7777541,1810.0261142727272,1736.256095318182,2025-03-11T00:59:00,311114,1810.0261142727272,15.0,1
2025-03-11T19:36:00,312231,1949.09,0.70075506,2004.0011809999999,1922.3254505,2025-03-11T23:24:00,312459,1922.3254505,-10.0,0
2025-03-11T19:37:00,312232,1950.4,0.6848524,2005.3480872727273,1923.617461818182,2025-03-11T23:17:00,312452,1923.617461818182,-10.0,0
2025-03-11T19:46:00,312241,1949.6,0.6923359,2004.525549090909,1922.828447272727,2025-03-11T23:24:00,312459,1922.828447272727,-10.0,0
2025-03-11T20:02:00,312257,1948.4,0.68742305,2003.291741818182,1921.6449254545455,2025-03-11T23:25:00,312460,1921.6449254545455,-10.0,0
2025-03-11T20:03:00,312258,1946.83,0.6949931,2001.6775106363636,1920.0964844090909,2025-03-11T23:46:00,312481,1920.0964844090909,-10.0,0
2025-03-12T08:17:00,312992,1898.06,0.7227515,1951.5335267272726,1871.9961851818182,2025-03-12T09:04:00,313039,1951.5335267272726,15.0,1
2025-03-12T08:20:00,312995,1896.03,0.6883258,1949.446336090909,1869.9940607727272,2025-03-12T09:03:00,313038,1949.446336090909,15.0,1
2025-03-12T12:07:00,313222,1916.64,0.7086455,1970.636976,1890.321048,2025-03-12T13:37:00,313312,1890.321048,-10.0,0
2025-03-12T12:08:00,313223,1913.45,0.71214783,1967.357105,1887.1748525,2025-03-12T13:38:00,313313,1887.1748525,-10.0,0
2025-03-12T12:09:00,313224,1911.68,0.7414112,1965.5372392727272,1885.429157818182,2025-03-12T13:54:00,313329,1885.429157818182,-10.0,0
2025-03-12T12:10:00,313225,1909.65,0.69477,1963.4500486363638,1883.427033409091,2025-03-12T13:55:00,313330,1883.427033409091,-10.0,0
2025-03-12T12:11:00,313226,1910.61,0.7037618,1964.4370944545453,1884.3738508636363,2025-03-12T13:54:00,313329,1884.3738508636363,-10.0,0
2025-03-31T14:42:00,340737,1833.01,0.6943836,1884.6508908181818,1807.8394399545455,2025-04-01T08:23:00,341798,1884.6508908181818,15.0,1
2025-03-31T15:34:00,340789,1840.13,0.69973487,1891.9714806363638,1814.861669409091,2025-04-01T15:11:00,342206,1891.9714806363638,15.0,1
2025-03-31T16:49:00,340864,1842.59,0.69011116,1894.5007855454544,1817.2878891363634,2025-03-31T17:47:00,340922,1817.2878891363634,-10.0,0
2025-04-01T06:42:00,341697,1858.89,0.6879462,1911.260001,1833.3640605,2025-04-01T15:15:00,342210,1911.260001,15.0,1
2025-04-01T06:46:00,341701,1856.19,0.7038891,1908.4839346363638,1830.7011364090909,2025-04-01T15:14:00,342209,1908.4839346363638,15.0,1
2025-04-01T06:47:00,341702,1857.48,0.6918104,1909.8102774545455,1831.9734223636365,2025-04-01T15:14:00,342209,1909.8102774545455,15.0,1
2025-04-02T20:17:00,343952,1938.27,0.70810926,1992.876352090909,1911.6540287727273,2025-04-02T20:26:00,343961,1911.6540287727273,-10.0,0
2025-04-02T20:18:00,343953,1935.36,0.73988134,1989.8843694545453,1908.7839883636364,2025-04-02T20:26:00,343961,1908.7839883636364,-10.0,0
2025-04-02T20:19:00,343954,1941.28,0.7012955,1995.971152,1914.622696,2025-04-02T20:26:00,343961,1914.622696,-10.0,0
2025-04-02T20:20:00,343955,1930.94,0.7872836,1985.339846,1904.424683,2025-04-02T20:27:00,343962,1904.424683,-10.0,0
2025-04-02T20:21:00,343956,1929.34,0.75961035,1983.6947696363636,1902.8466539090907,2025-04-02T20:27:00,343962,1902.8466539090907,-10.0,0
2025-04-03T16:34:00,345169,1779.23,0.73254573,1829.3557615454545,1754.7979371363635,2025-04-04T08:19:00,346114,1829.3557615454545,15.0,1
2025-04-03T16:35:00,345170,1779.69,0.68852365,1829.828721,1755.2516205,2025-04-04T08:19:00,346114,1829.828721,15.0,1
2025-04-03T16:36:00,345171,1778.39,0.6944052,1828.4920964545456,1753.9694718636365,2025-04-04T08:19:00,346114,1828.4920964545456,15.0,1
2025-04-03T16:38:00,345173,1778.66,0.69135827,1828.7697030909092,1754.2357642727275,2025-04-04T08:19:00,346114,1828.7697030909092,15.0,1
2025-04-06T18:29:00,349604,1624.16,0.699001,1669.9170167272728,1601.8573301818183,2025-04-06T18:50:00,349625,1601.8573301818183,-10.0,0
2025-04-07T01:38:00,350033,1594.85,0.7167602,1639.781274090909,1572.9498097727271,2025-04-07T02:38:00,350093,1572.9498097727271,-10.0,0
2025-04-07T06:06:00,350301,1544.83,0.69901705,1588.3520742727271,1523.6166753181817,2025-04-07T06:17:00,350312,1523.6166753181817,-10.0,0
2025-04-07T06:07:00,350302,1550.33,0.68692523,1594.0070242727272,1529.0411503181817,2025-04-07T06:17:00,350312,1529.0411503181817,-10.0,0
2025-04-07T06:08:00,350303,1544.88,0.7341147,1588.403482909091,1523.6659887272729,2025-04-07T06:17:00,350312,1523.6659887272729,-10.0,0
2025-04-07T08:50:00,350465,1496.3,0.71757275,1538.4548518181819,1475.7530804545454,2025-04-07T11:38:00,350633,1475.7530804545454,-10.0,0
2025-04-07T09:27:00,350502,1492.01,0.704415,1534.0439908181818,1471.5219899545455,2025-04-07T13:51:00,350766,1534.0439908181818,15.0,1
2025-04-07T09:28:00,350503,1493.8,0.6985217,1535.8844199999999,1473.28741,2025-04-07T13:51:00,350766,1535.8844199999999,15.0,1
2025-04-07T09:30:00,350505,1496.82,0.7057044,1538.9895016363635,1476.2659399090908,2025-04-07T11:38:00,350633,1476.2659399090908,-10.0,0
2025-04-07T09:31:00,350506,1491.72,0.71607506,1533.7458207272728,1471.2359721818182,2025-04-07T13:51:00,350766,1533.7458207272728,15.0,1
2025-04-07T09:32:00,350507,1492.18,0.743835,1534.2187801818181,1471.6896555454546,2025-04-07T13:51:00,350766,1534.2187801818181,15.0,1
2025-04-07T09:33:00,350508,1494.56,0.7663593,1536.6658312727272,1474.0369738181817,2025-04-07T11:38:00,350633,1474.0369738181817,-10.0,0
2025-04-07T09:34:00,350509,1494.69,0.73807186,1536.7994937272729,1474.1651886818183,2025-04-07T11:38:00,350633,1474.1651886818183,-10.0,0
2025-04-07T10:41:00,350576,1495.4,0.6986862,1537.5294963636366,1474.8654390909091,2025-04-07T11:38:00,350633,1474.8654390909091,-10.0,0
2025-04-07T11:13:00,350608,1494.45,0.6949562,1536.5527322727273,1473.928484318182,2025-04-07T11:38:00,350633,1473.928484318182,-10.0,0
2025-04-07T11:21:00,350616,1497.93,0.70298755,1540.1307733636365,1477.3606975909092,2025-04-07T11:38:00,350633,1477.3606975909092,-10.0,0
2025-04-07T13:07:00,350722,1512.83,0.70661634,1555.450547,1492.0560934999999,2025-04-07T13:42:00,350757,1492.0560934999999,-10.0,0
2025-04-07T13:15:00,350730,1510.0,0.692623,1552.5408181818182,1489.2649545454547,2025-04-07T13:43:00,350758,1489.2649545454547,-10.0,0
2025-04-07T13:25:00,350740,1503.74,0.70164645,1546.104456909091,1483.0909157272727,2025-04-07T13:51:00,350766,1546.104456909091,15.0,1
2025-04-07T13:29:00,350744,1502.54,0.7008458,1544.8706496363636,1481.9073939090908,2025-04-07T13:51:00,350766,1544.8706496363636,15.0,1
2025-04-07T13:30:00,350745,1499.28,0.7248956,1541.5188065454545,1478.6921596363636,2025-04-07T13:51:00,350766,1541.5188065454545,15.0,1
2025-04-07T13:31:00,350746,1511.14,0.734332,1553.7129350909092,1490.3893002727273,2025-04-07T13:43:00,350758,1490.3893002727273,-10.0,0
2025-04-07T13:32:00,350747,1506.77,0.735536,1549.2198202727272,1486.0793083181818,2025-04-07T13:52:00,350767,1549.2198202727272,15.0,1
2025-04-07T13:33:00,350748,1510.93,0.71822447,1553.497018818182,1490.1821839545455,2025-04-07T13:43:00,350758,1490.1821839545455,-10.0,0
2025-04-07T13:34:00,350749,1509.63,0.7335246,1552.1603942727274,1488.9000353181818,2025-04-07T13:43:00,350758,1488.9000353181818,-10.0,0
2025-04-07T13:35:00,350750,1501.52,0.7244806,1543.8219134545454,1480.9014003636364,2025-04-07T13:51:00,350766,1543.8219134545454,15.0,1
2025-04-07T13:36:00,350751,1495.8,0.7751342,1537.9407654545455,1475.2599463636363,2025-04-07T13:51:00,350766,1537.9407654545455,15.0,1
2025-04-07T13:37:00,350752,1498.64,0.7640857,1540.860776,1478.060948,2025-04-07T13:51:00,350766,1540.860776,15.0,1
2025-04-07T13:38:00,350753,1494.39,0.73164946,1536.491041909091,1473.8693082272728,2025-04-07T13:51:00,350766,1536.491041909091,15.0,1
2025-04-07T13:39:00,350754,1500.33,0.7012753,1542.598387909091,1479.7277412272726,2025-04-07T13:51:00,350766,1542.598387909091,15.0,1
2025-04-07T13:40:00,350755,1496.34,0.78401357,1538.4959787272726,1475.792531181818,2025-04-07T13:51:00,350766,1538.4959787272726,15.0,1
2025-04-07T13:41:00,350756,1495.82,0.7200719,1537.9613289090908,1475.2796717272727,2025-04-07T13:51:00,350766,1537.9613289090908,15.0,1
2025-04-07T13:50:00,350765,1518.4,0.7313478,1561.1774690909092,1497.5496072727274,2025-04-07T14:10:00,350785,1561.1774690909092,15.0,1
2025-04-07T13:52:00,350767,1538.01,0.69578797,1581.3399362727273,1516.890326318182,2025-04-07T14:11:00,350786,1581.3399362727273,15.0,1
2025-04-07T21:18:00,351213,1569.01,0.69685894,1613.2132908181818,1547.4646399545454,2025-04-08T00:30:00,351405,1547.4646399545454,-10.0,0
2025-04-07T23:01:00,351316,1576.71,0.697518,1621.130220818182,1555.0589049545456,2025-04-07T23:42:00,351357,1555.0589049545456,-10.0,0
2025-04-07T23:04:00,351319,1577.61,0.7445947,1622.0555762727272,1555.9465463181816,2025-04-07T23:42:00,351357,1555.9465463181816,-10.0,0
2025-04-07T23:05:00,351320,1576.68,0.74750626,1621.0993756363637,1555.029316909091,2025-04-07T23:42:00,351357,1555.029316909091,-10.0,0
2025-04-07T23:06:00,351321,1576.11,0.74528605,1620.5133171818181,1554.4671440454545,2025-04-07T23:55:00,351370,1554.4671440454545,-10.0,0
2025-04-08T13:39:00,352194,1563.11,0.7142623,1607.1470717272725,1541.6456576818182,2025-04-08T14:50:00,352265,1541.6456576818182,-10.0,0
2025-04-08T14:05:00,352220,1579.9,0.7322622,1624.4100918181819,1558.2051004545456,2025-04-08T14:25:00,352240,1558.2051004545456,-10.0,0
2025-04-08T16:41:00,352376,1494.69,0.7054224,1536.7994937272729,1474.1651886818183,2025-04-08T17:11:00,352406,1474.1651886818183,-10.0,0
2025-04-08T16:42:00,352377,1490.88,0.693021,1532.8821556363637,1470.4075069090911,2025-04-08T17:12:00,352407,1470.4075069090911,-10.0,0
2025-04-08T16:43:00,352378,1494.56,0.7087154,1536.6658312727272,1474.0369738181817,2025-04-08T17:11:00,352406,1474.0369738181817,-10.0,0
2025-04-08T18:34:00,352489,1485.83,0.69185585,1527.6898833636362,1465.426852590909,2025-04-08T19:12:00,352527,1465.426852590909,-10.0,0
2025-04-08T18:43:00,352498,1477.19,0.7030631,1518.806471,1456.9054955000001,2025-04-08T19:36:00,352551,1456.9054955000001,-10.0,0
2025-04-08T18:45:00,352500,1478.11,0.68785864,1519.7523899090909,1457.8128622272727,2025-04-08T19:35:00,352550,1457.8128622272727,-10.0,0
2025-04-08T19:12:00,352527,1462.58,0.7251505,1503.7848674545453,1442.4961173636364,2025-04-08T22:21:00,352716,1442.4961173636364,-10.0,0
2025-04-08T21:18:00,352653,1470.26,0.7255662,1511.681234,1450.070657,2025-04-08T22:20:00,352715,1450.070657,-10.0,0
2025-04-09T00:06:00,352821,1474.17,0.7029178,1515.7013893636365,1453.9269655909093,2025-04-09T01:09:00,352884,1453.9269655909093,-10.0,0
2025-04-09T00:07:00,352822,1472.19,0.69771093,1513.6656073636364,1451.9741545909092,2025-04-09T01:09:00,352884,1451.9741545909092,-10.0,0
2025-04-09T00:08:00,352823,1467.73,0.78663146,1509.079957,1447.5753985000001,2025-04-09T01:09:00,352884,1447.5753985000001,-10.0,0
2025-04-09T00:09:00,352824,1473.03,0.71449125,1514.5292724545454,1452.8026198636364,2025-04-09T01:09:00,352884,1452.8026198636364,-10.0,0
2025-04-09T00:10:00,352825,1473.13,0.75963444,1514.6320897272728,1452.9012466818183,2025-04-09T01:09:00,352884,1452.9012466818183,-10.0,0
2025-04-09T01:10:00,352885,1444.48,0.71288866,1485.1749410909092,1424.6446632727273,2025-04-09T01:13:00,352888,1424.6446632727273,-10.0,0
2025-04-09T01:23:00,352898,1402.68,0.6869143,1442.197321090909,1383.4186532727274,2025-04-09T02:00:00,352935,1442.197321090909,15.0,1
2025-04-09T01:26:00,352901,1398.77,0.7100445,1438.1771657272727,1379.562344681818,2025-04-09T01:50:00,352925,1438.1771657272727,15.0,1
2025-04-09T01:27:00,352902,1387.79,0.69699,1426.8878291818182,1368.7331200454546,2025-04-09T01:38:00,352913,1426.8878291818182,15.0,1
2025-04-09T01:29:00,352904,1396.81,0.70625293,1436.161947181818,1377.6292590454545,2025-04-09T01:50:00,352925,1436.161947181818,15.0,1
2025-04-09T03:42:00,353037,1408.09,0.8053521,1447.7597355454545,1388.7543641363636,2025-04-09T04:38:00,353093,1447.7597355454545,15.0,1
2025-04-09T03:43:00,353038,1412.12,0.7389241,1451.9032716363636,1392.7290249090909,2025-04-09T05:11:00,353126,1451.9032716363636,15.0,1
2025-04-09T03:49:00,353044,1412.7,0.7271818,1452.4996118181818,1393.3010604545454,2025-04-09T05:11:00,353126,1452.4996118181818,15.0,1
2025-04-09T04:48:00,353103,1446.08,0.69251364,1486.8200174545455,1426.2226923636363,2025-04-09T07:34:00,353269,1486.8200174545455,15.0,1
2025-04-09T04:49:00,353104,1444.09,0.718396,1484.7739537272726,1424.260018681818,2025-04-09T07:34:00,353269,1484.7739537272726,15.0,1
2025-04-09T04:50:00,353105,1444.26,0.69461316,1484.9487430909091,1424.4276842727272,2025-04-09T07:34:00,353269,1484.9487430909091,15.0,1
2025-04-09T04:51:00,353106,1441.12,0.76036984,1481.7202807272727,1421.3308021818182,2025-04-09T07:32:00,353267,1481.7202807272727,15.0,1
2025-04-09T04:52:00,353107,1441.41,0.729529,1482.018450818182,1421.6168199545455,2025-04-09T07:32:00,353267,1482.018450818182,15.0,1
2025-04-09T04:53:00,353108,1441.5,0.70246804,1482.1109863636364,1421.705584090909,2025-04-09T07:32:00,353267,1482.1109863636364,15.0,1
2025-04-09T04:54:00,353109,1440.89,0.7350462,1481.483801,1421.1039605,2025-04-09T07:32:00,353267,1481.483801,15.0,1
2025-04-09T04:55:00,353110,1438.92,0.751952,1479.458300727273,1419.1610121818183,2025-04-09T07:04:00,353239,1479.458300727273,15.0,1
2025-04-09T04:56:00,353111,1438.62,0.70377463,1479.149848909091,1418.8651317272727,2025-04-09T07:04:00,353239,1479.149848909091,15.0,1
2025-04-09T05:06:00,353121,1441.09,0.6842676,1481.6894355454544,1421.3012141363636,2025-04-09T07:32:00,353267,1481.6894355454544,15.0,1
2025-04-09T06:26:00,353201,1464.22,0.698715,1505.4710707272727,1444.1135971818182,2025-04-09T11:40:00,353515,1444.1135971818182,-10.0,0
2025-04-09T06:33:00,353208,1463.42,0.71125567,1504.6485325454546,1443.3245826363636,2025-04-09T12:31:00,353566,1443.3245826363636,-10.0,0
2025-04-09T06:34:00,353209,1463.58,0.73960954,1504.813040181818,1443.4823855454545,2025-04-09T12:31:00,353566,1443.4823855454545,-10.0,0
2025-04-09T06:35:00,353210,1462.51,0.73832405,1503.7128953636363,1442.427078590909,2025-04-09T12:31:00,353566,1442.427078590909,-10.0,0
2025-04-09T06:36:00,353211,1464.0,0.7289171,1505.2448727272727,1443.8966181818182,2025-04-09T12:31:00,353566,1443.8966181818182,-10.0,0
2025-04-09T08:15:00,353310,1474.51,0.6982915,1516.050968090909,1454.2622967727273,2025-04-09T11:05:00,353480,1454.2622967727273,-10.0,0
2025-04-09T08:22:00,353317,1480.89,0.707357,1522.6107100909092,1460.5546877727274,2025-04-09T11:02:00,353477,1460.5546877727274,-10.0,0
2025-04-09T08:24:00,353319,1483.46,0.6975327,1525.253114,1463.089397,2025-04-09T11:02:00,353477,1463.089397,-10.0,0
2025-04-09T08:25:00,353320,1484.51,0.68582237,1526.3326953636363,1464.124978590909,2025-04-09T11:02:00,353477,1464.124978590909,-10.0,0
2025-04-09T08:26:00,353321,1484.58,0.73011684,1526.4046674545455,1464.1940173636362,2025-04-09T11:02:00,353477,1464.1940173636362,-10.0,0
2025-04-09T10:19:00,353434,1482.0,0.7377829,1523.7519818181818,1461.6494454545455,2025-04-09T11:02:00,353477,1461.6494454545455,-10.0,0
2025-04-09T10:20:00,353435,1480.89,0.78976095,1522.6107100909092,1460.5546877727274,2025-04-09T11:02:00,353477,1460.5546877727274,-10.0,0
2025-04-09T10:23:00,353438,1477.48,0.7675268,1519.1046410909091,1457.1915132727272,2025-04-09T11:02:00,353477,1457.1915132727272,-10.0,0
2025-04-09T10:24:00,353439,1479.06,0.71992296,1520.7291539999999,1458.749817,2025-04-09T11:02:00,353477,1458.749817,-10.0,0
2025-04-09T10:25:00,353440,1479.73,0.7538391,1521.4180297272728,1459.4106166818183,2025-04-09T11:02:00,353477,1459.4106166818183,-10.0,0
2025-04-09T12:31:00,353566,1441.23,0.6846161,1481.8333797272728,1421.4392916818183,2025-04-09T13:32:00,353627,1481.8333797272728,15.0,1
2025-04-09T12:49:00,353584,1461.68,0.7264012,1502.859512,1441.608476,2025-04-09T16:33:00,353808,1502.859512,15.0,1
2025-04-09T12:51:00,353586,1461.81,0.6901265,1502.9931744545454,1441.7366908636363,2025-04-09T16:33:00,353808,1502.9931744545454,15.0,1
2025-04-09T12:55:00,353590,1464.62,0.7252956,1505.8823398181817,1444.5081044545454,2025-04-09T16:33:00,353808,1505.8823398181817,15.0,1
2025-04-09T12:56:00,353591,1463.59,0.7377695,1504.8233219090907,1443.4922482272727,2025-04-09T16:33:00,353808,1504.8233219090907,15.0,1
2025-04-09T12:59:00,353594,1460.96,0.72403085,1502.1192276363636,1440.898362909091,2025-04-09T16:33:00,353808,1502.1192276363636,15.0,1
2025-04-09T13:00:00,353595,1465.15,0.8244034,1506.4272713636365,1445.030826590909,2025-04-09T16:34:00,353809,1506.4272713636365,15.0,1
2025-04-09T13:01:00,353596,1464.28,0.75015014,1505.5327610909092,1444.1727732727272,2025-04-09T16:33:00,353808,1505.5327610909092,15.0,1
2025-04-09T13:02:00,353597,1462.1,0.7363916,1503.2913445454544,1442.0227086363636,2025-04-09T16:33:00,353808,1503.2913445454544,15.0,1
2025-04-09T13:03:00,353598,1460.49,0.72255087,1501.6359864545454,1440.4348168636363,2025-04-09T16:33:00,353808,1501.6359864545454,15.0,1
2025-04-09T13:06:00,353601,1466.02,0.70605403,1507.3217816363635,1445.888879909091,2025-04-09T16:35:00,353810,1507.3217816363635,15.0,1
2025-04-09T13:28:00,353623,1456.21,0.6861994,1497.2354071818181,1436.2135890454547,2025-04-09T13:51:00,353646,1497.2354071818181,15.0,1
2025-04-09T13:29:00,353624,1457.56,0.7167793,1498.6234403636363,1437.545051090909,2025-04-09T13:51:00,353646,1498.6234403636363,15.0,1
2025-04-09T13:30:00,353625,1462.22,0.84254545,1503.4147252727273,1442.1410608181818,2025-04-09T16:33:00,353808,1503.4147252727273,15.0,1
2025-04-09T13:31:00,353626,1471.51,0.93436646,1512.966449909091,1451.3034922272727,2025-04-09T17:02:00,353837,1512.966449909091,15.0,1
2025-04-09T13:32:00,353627,1485.91,0.9721694,1527.7721371818184,1465.5057540454545,2025-04-09T17:20:00,353855,1527.7721371818184,15.0,1
2025-04-09T13:33:00,353628,1482.73,0.9514805,1524.502547909091,1462.3694212272728,2025-04-09T17:20:00,353855,1524.502547909091,15.0,1
2025-04-09T13:34:00,353629,1473.81,0.96387786,1515.331247181818,1453.5719090454545,2025-04-09T17:02:00,353837,1515.331247181818,15.0,1
2025-04-09T13:35:00,353630,1476.9,0.9480681,1518.508300909091,1456.6194777272729,2025-04-09T17:19:00,353854,1518.508300909091,15.0,1
2025-04-09T13:36:00,353631,1474.05,0.93775845,1515.5780086363636,1453.8086134090909,2025-04-09T17:02:00,353837,1515.5780086363636,15.0,1
2025-04-09T13:37:00,353632,1468.87,0.92643124,1510.2520739090908,1448.6997442272727,2025-04-09T17:02:00,353837,1510.2520739090908,15.0,1
2025-04-09T13:38:00,353633,1479.2,0.90192676,1520.8730981818182,1458.8878945454546,2025-04-09T17:20:00,353855,1520.8730981818182,15.0,1
2025-04-09T13:39:00,353634,1486.91,0.9181803,1528.800309909091,1466.4920222272729,2025-04-09T17:20:00,353855,1528.800309909091,15.0,1
2025-04-09T13:40:00,353635,1485.37,0.88961077,1527.2169239090908,1464.9731692272726,2025-04-09T17:20:00,353855,1527.2169239090908,15.0,1
2025-04-09T13:41:00,353636,1489.32,0.8521348,1531.2782061818182,1468.8689285454545,2025-04-09T14:59:00,353714,1468.8689285454545,-10.0,0
2025-04-09T13:42:00,353637,1482.98,0.86996716,1524.759591090909,1462.6159882727272,2025-04-09T17:20:00,353855,1524.759591090909,15.0,1
2025-04-09T13:43:00,353638,1477.55,0.93871886,1519.176613181818,1457.2605520454545,2025-04-09T17:19:00,353854,1519.176613181818,15.0,1
2025-04-09T13:44:00,353639,1476.16,0.9211521,1517.7474530909092,1455.8896392727274,2025-04-09T17:04:00,353839,1517.7474530909092,15.0,1
2025-04-09T13:45:00,353640,1475.07,0.94113666,1516.6267448181818,1454.8146069545453,2025-04-09T17:04:00,353839,1516.6267448181818,15.0,1
2025-04-09T13:46:00,353641,1475.92,0.91287947,1517.5006916363636,1455.652934909091,2025-04-09T17:04:00,353839,1517.5006916363636,15.0,1
2025-04-09T13:47:00,353642,1475.67,0.90804005,1517.2436484545456,1455.4063678636364,2025-04-09T17:04:00,353839,1517.2436484545456,15.0,1
2025-04-09T13:48:00,353643,1476.85,0.9012821,1518.4568922727271,1456.5701643181817,2025-04-09T17:19:00,353854,1518.4568922727271,15.0,1
2025-04-09T13:49:00,353644,1482.38,0.86739975,1524.1426874545455,1462.0242273636366,2025-04-09T17:20:00,353855,1524.1426874545455,15.0,1
2025-04-09T13:50:00,353645,1485.18,0.83494407,1527.0215710909092,1464.7857782727274,2025-04-09T17:20:00,353855,1527.0215710909092,15.0,1
2025-04-09T13:51:00,353646,1492.87,0.8340133,1534.9282193636363,1472.370180590909,2025-04-09T14:52:00,353707,1472.370180590909,-10.0,0
2025-04-09T13:52:00,353647,1489.99,0.85401565,1531.967081909091,1469.5297282272727,2025-04-09T14:59:00,353714,1469.5297282272727,-10.0,0
2025-04-09T13:53:00,353648,1493.35,0.8221629,1535.4217422727272,1472.8435893181818,2025-04-09T14:52:00,353707,1472.8435893181818,-10.0,0
2025-04-09T13:54:00,353649,1491.36,0.8634078,1533.3756785454545,1470.8809156363636,2025-04-09T14:59:00,353714,1470.8809156363636,-10.0,0
2025-04-09T13:55:00,353650,1489.86,0.8567833,1531.8334194545453,1469.4015133636362,2025-04-09T14:59:00,353714,1469.4015133636362,-10.0,0
2025-04-09T14:55:00,353710,1477.01,0.69305575,1518.621399909091,1456.7279672272728,2025-04-09T17:19:00,353854,1518.621399909091,15.0,1
2025-04-09T14:56:00,353711,1473.23,0.73592645,1514.734907,1452.9998735,2025-04-09T17:02:00,353837,1514.734907,15.0,1
2025-04-09T15:18:00,353733,1486.8,0.6923809,1528.687210909091,1466.3835327272727,2025-04-09T17:20:00,353855,1528.687210909091,15.0,1
2025-04-09T15:21:00,353736,1488.91,0.7232141,1530.8566553636365,1468.464558590909,2025-04-09T17:21:00,353856,1530.8566553636365,15.0,1
2025-04-09T15:22:00,353737,1487.25,0.6991544,1529.1498886363636,1466.8273534090908,2025-04-09T17:20:00,353855,1529.1498886363636,15.0,1
2025-04-09T15:30:00,353745,1492.48,0.69297576,1534.527232,1471.985536,2025-04-09T17:21:00,353856,1534.527232,15.0,1
2025-04-09T15:32:00,353747,1486.88,0.7057773,1528.7694647272729,1466.4624341818183,2025-04-09T17:20:00,353855,1528.7694647272729,15.0,1
2025-04-09T15:33:00,353748,1485.06,0.7047853,1526.8981903636363,1464.667426090909,2025-04-09T17:20:00,353855,1526.8981903636363,15.0,1
2025-04-09T15:47:00,353762,1488.11,0.78973514,1530.0341171818181,1467.6755440454544,2025-04-09T17:21:00,353856,1530.0341171818181,15.0,1
2025-04-09T15:48:00,353763,1494.91,0.8004064,1537.0256917272727,1474.3821676818184,2025-04-09T17:21:00,353856,1537.0256917272727,15.0,1
2025-04-09T15:49:00,353764,1491.52,0.82135636,1533.5401861818182,1471.0387185454545,2025-04-09T17:21:00,353856,1533.5401861818182,15.0,1
2025-04-09T15:50:00,353765,1494.14,0.7923554,1536.2339987272728,1473.6227411818184,2025-04-09T17:21:00,353856,1536.2339987272728,15.0,1
2025-04-09T15:51:00,353766,1492.3,0.8025679,1534.3421609090908,1471.8080077272728,2025-04-09T17:21:00,353856,1534.3421609090908,15.0,1
2025-04-09T15:52:00,353767,1492.2,0.75195694,1534.2393436363636,1471.709380909091,2025-04-09T17:21:00,353856,1534.2393436363636,15.0,1
2025-04-09T15:53:00,353768,1490.38,0.753208,1532.3680692727273,1469.9143728181818,2025-04-09T17:21:00,353856,1532.3680692727273,15.0,1
2025-04-09T15:54:00,353769,1489.51,0.7391486,1531.473559,1469.0563195,2025-04-09T17:21:00,353856,1531.473559,15.0,1
2025-04-09T15:55:00,353770,1487.54,0.74372625,1529.4480587272726,1467.1133711818181,2025-04-09T17:20:00,353855,1529.4480587272726,15.0,1
2025-04-09T15:56:00,353771,1484.71,0.71624774,1526.5383299090909,1464.3222322272727,2025-04-09T17:20:00,353855,1526.5383299090909,15.0,1
2025-04-09T15:57:00,353772,1482.71,0.69712013,1524.4819844545455,1462.3496958636365,2025-04-09T17:20:00,353855,1524.4819844545455,15.0,1
2025-04-09T15:58:00,353773,1481.74,0.6944423,1523.484656909091,1461.3930157272728,2025-04-09T17:20:00,353855,1523.484656909091,15.0,1
2025-04-09T15:59:00,353774,1484.8,0.68651694,1526.6308654545453,1464.4109963636363,2025-04-09T17:20:00,353855,1526.6308654545453,15.0,1
2025-04-09T16:02:00,353777,1487.0,0.7471162,1528.8928454545455,1466.5807863636364,2025-04-09T17:20:00,353855,1528.8928454545455,15.0,1
2025-04-09T16:03:00,353778,1486.18,0.78022027,1528.049743818182,1465.7720464545455,2025-04-09T17:20:00,353855,1528.049743818182,15.0,1
2025-04-09T16:05:00,353780,1488.1,0.74427557,1530.0238354545454,1467.6656813636362,2025-04-09T17:21:00,353856,1530.0238354545454,15.0,1
2025-04-09T16:06:00,353781,1487.91,0.7355469,1529.8284826363638,1467.478290409091,2025-04-09T17:20:00,353855,1529.8284826363638,15.0,1
2025-04-09T16:07:00,353782,1491.0,0.7364801,1533.0055363636363,1470.525859090909,2025-04-09T17:21:00,353856,1533.0055363636363,15.0,1
2025-04-09T16:08:00,353783,1491.67,0.7501888,1533.694412090909,1471.1866587727272,2025-04-09T17:21:00,353856,1533.694412090909,15.0,1
2025-04-09T16:09:00,353784,1490.71,0.8094288,1532.7073662727273,1470.2398413181818,2025-04-09T17:21:00,353856,1532.7073662727273,15.0,1
2025-04-09T16:10:00,353785,1491.51,0.7383909,1533.5299044545454,1471.0288558636364,2025-04-09T17:21:00,353856,1533.5299044545454,15.0,1
2025-04-09T16:11:00,353786,1493.32,0.7219126,1535.390897090909,1472.8140012727272,2025-04-09T17:21:00,353856,1535.390897090909,15.0,1
2025-04-09T16:12:00,353787,1492.14,0.6983974,1534.1776532727274,1471.650204818182,2025-04-09T17:21:00,353856,1534.1776532727274,15.0,1
2025-04-09T16:13:00,353788,1494.31,0.68882585,1536.408788090909,1473.7904067727272,2025-04-09T17:21:00,353856,1536.408788090909,15.0,1
2025-04-09T16:14:00,353789,1492.53,0.7096619,1534.5786406363636,1472.0348494090908,2025-04-09T17:21:00,353856,1534.5786406363636,15.0,1
2025-04-09T16:15:00,353790,1494.48,0.68535495,1536.5835774545455,1473.9580723636363,2025-04-09T17:21:00,353856,1536.5835774545455,15.0,1
2025-04-09T16:23:00,353798,1493.95,0.6897895,1536.038645909091,1473.4353502272727,2025-04-09T17:21:00,353856,1536.038645909091,15.0,1
2025-04-09T16:24:00,353799,1492.0,0.69260097,1534.033709090909,1471.5121272727272,2025-04-09T17:21:00,353856,1534.033709090909,15.0,1
2025-04-09T16:28:00,353803,1489.46,0.785398,1531.4221503636363,1469.007006090909,2025-04-09T17:21:00,353856,1531.4221503636363,15.0,1
2025-04-09T16:29:00,353804,1489.89,0.7321441,1531.8642646363637,1469.431101409091,2025-04-09T17:21:00,353856,1531.8642646363637,15.0,1
2025-04-09T16:30:00,353805,1489.79,0.7761667,1531.7614473636363,1469.332474590909,2025-04-09T17:21:00,353856,1531.7614473636363,15.0,1
2025-04-09T16:31:00,353806,1491.53,0.70055676,1533.550467909091,1471.0485812272727,2025-04-09T17:21:00,353856,1533.550467909091,15.0,1
2025-04-09T16:33:00,353808,1503.7,0.75196594,1546.06333,1483.051465,2025-04-09T17:23:00,353858,1546.06333,15.0,1
2025-04-09T16:37:00,353812,1500.27,0.71165144,1542.5366975454544,1479.6685651363637,2025-04-09T17:23:00,353858,1542.5366975454544,15.0,1
2025-04-09T16:38:00,353813,1499.4,0.7270388,1541.6421872727274,1478.8105118181818,2025-04-09T17:23:00,353858,1541.6421872727274,15.0,1
2025-04-09T16:41:00,353816,1499.76,0.6844657,1542.0123294545454,1479.1655683636363,2025-04-09T17:23:00,353858,1542.0123294545454,15.0,1
2025-04-09T16:42:00,353817,1499.05,0.6891794,1541.2823268181817,1478.4653179545453,2025-04-09T17:23:00,353858,1541.2823268181817,15.0,1
2025-04-09T16:45:00,353820,1493.84,0.7228901,1535.9255469090908,1473.3268607272726,2025-04-09T17:21:00,353856,1535.9255469090908,15.0,1
2025-04-09T16:46:00,353821,1497.21,0.77906376,1539.3904890000001,1476.6505845000002,2025-04-09T17:21:00,353856,1539.3904890000001,15.0,1
2025-04-09T16:47:00,353822,1497.66,0.77932304,1539.8531667272728,1477.0944051818183,2025-04-09T17:21:00,353856,1539.8531667272728,15.0,1
2025-04-09T16:48:00,353823,1500.01,0.77006453,1542.2693726363636,1479.412135409091,2025-04-09T17:23:00,353858,1542.2693726363636,15.0,1
2025-04-09T16:49:00,353824,1499.49,0.7525436,1541.7347228181818,1478.8992759545454,2025-04-09T17:23:00,353858,1541.7347228181818,15.0,1
2025-04-09T16:50:00,353825,1501.74,0.74361616,1544.0481114545455,1481.1183793636364,2025-04-09T17:23:00,353858,1544.0481114545455,15.0,1
2025-04-09T16:51:00,353826,1499.84,0.7402343,1542.0945832727273,1479.2444698181816,2025-04-09T17:23:00,353858,1542.0945832727273,15.0,1
2025-04-09T16:52:00,353827,1496.18,0.725595,1538.3314710909092,1475.6347282727274,2025-04-09T17:21:00,353856,1538.3314710909092,15.0,1
2025-04-09T16:53:00,353828,1497.14,0.7275024,1539.318516909091,1476.581545727273,2025-04-09T17:21:00,353856,1539.318516909091,15.0,1
2025-04-09T16:54:00,353829,1499.28,0.76805174,1541.5188065454545,1478.6921596363636,2025-04-09T17:23:00,353858,1541.5188065454545,15.0,1
2025-04-09T16:55:00,353830,1500.48,0.7626426,1542.7526138181818,1479.8756814545454,2025-04-09T17:23:00,353858,1542.7526138181818,15.0,1
2025-04-09T16:56:00,353831,1504.5,0.6903536,1546.885868181818,1483.8404795454546,2025-04-09T17:18:00,353853,1483.8404795454546,-10.0,0
2025-04-09T16:59:00,353834,1502.0,0.7463306,1544.3154363636363,1481.3748090909091,2025-04-09T17:23:00,353858,1544.3154363636363,15.0,1
2025-04-09T17:10:00,353845,1498.49,0.68769497,1540.706550090909,1477.9130077727273,2025-04-09T17:23:00,353858,1540.706550090909,15.0,1
2025-04-09T17:12:00,353847,1503.68,0.7333031,1546.0427665454547,1483.0317396363637,2025-04-09T17:23:00,353858,1546.0427665454547,15.0,1
2025-04-09T17:13:00,353848,1503.66,0.6884317,1546.0222030909092,1483.0120142727274,2025-04-09T17:23:00,353858,1546.0222030909092,15.0,1
2025-04-09T17:14:00,353849,1504.64,0.7279868,1547.0298123636364,1483.9785570909091,2025-04-09T17:18:00,353853,1483.9785570909091,-10.0,0
2025-04-09T17:15:00,353850,1502.73,0.6879293,1545.0660024545455,1482.0947848636363,2025-04-09T17:23:00,353858,1545.0660024545455,15.0,1
2025-04-09T17:16:00,353851,1505.5,0.78130275,1547.914040909091,1484.8267477272727,2025-04-09T17:18:00,353853,1484.8267477272727,-10.0,0
2025-04-09T17:17:00,353852,1500.0,0.77674085,1542.259090909091,1479.4022727272727,2025-04-09T17:23:00,353858,1542.259090909091,15.0,1
2025-04-09T17:18:00,353853,1489.3,0.7815183,1531.2576427272727,1468.8492031818182,2025-04-09T17:21:00,353856,1531.2576427272727,15.0,1
2025-04-09T17:19:00,353854,1515.0,0.81424797,1557.681681818182,1494.1962954545454,2025-04-09T17:24:00,353859,1557.681681818182,15.0,1
2025-04-10T12:31:00,355006,1608.86,0.78497386,1654.185974,1586.767427,2025-04-10T12:50:00,355025,1586.767427,-10.0,0
2025-04-10T12:32:00,355007,1604.64,0.8250851,1649.847085090909,1582.6053752727273,2025-04-10T12:50:00,355025,1582.6053752727273,-10.0,0
2025-04-10T12:33:00,355008,1608.38,0.8306156,1653.6924510909091,1586.2940182727273,2025-04-10T12:50:00,355025,1586.2940182727273,-10.0,0
2025-04-10T12:34:00,355009,1602.88,0.89509183,1648.0375010909092,1580.8695432727275,2025-04-10T13:31:00,355066,1580.8695432727275,-10.0,0
2025-04-10T12:35:00,355010,1602.88,0.9078152,1648.0375010909092,1580.8695432727275,2025-04-10T13:31:00,355066,1580.8695432727275,-10.0,0
2025-04-10T13:35:00,355070,1571.82,0.7104582,1616.102456181818,1550.2360535454545,2025-04-10T15:08:00,355163,1550.2360535454545,-10.0,0
2025-04-10T13:36:00,355071,1578.0,0.69455594,1622.4565636363636,1556.331190909091,2025-04-10T14:11:00,355106,1556.331190909091,-10.0,0
2025-04-10T13:40:00,355075,1563.75,0.69391125,1607.8051022727273,1542.2768693181818,2025-04-10T15:15:00,355170,1542.2768693181818,-10.0,0
2025-04-10T15:15:00,355170,1536.56,0.7322614,1579.8490858181817,1515.4602374545454,2025-04-10T15:33:00,355188,1515.4602374545454,-10.0,0
2025-04-10T15:16:00,355171,1539.62,0.6912672,1582.9952943636363,1518.478218090909,2025-04-10T15:31:00,355186,1518.478218090909,-10.0,0
2025-04-10T17:59:00,355334,1510.73,0.7194371,1553.2913842727273,1489.9849303181818,2025-04-11T04:14:00,355949,1553.2913842727273,15.0,1
2025-04-10T18:34:00,355369,1515.33,0.712518,1558.0209788181817,1494.5217639545453,2025-04-11T06:13:00,356068,1558.0209788181817,15.0,1
2025-04-10T18:35:00,355370,1515.2,0.73578376,1557.8873163636365,1494.3935490909091,2025-04-11T06:13:00,356068,1557.8873163636365,15.0,1
2025-04-10T18:36:00,355371,1513.98,0.69128793,1556.6329456363637,1493.190301909091,2025-04-11T04:15:00,355950,1556.6329456363637,15.0,1
2025-04-10T19:12:00,355407,1517.08,0.7154758,1559.820281090909,1496.2477332727271,2025-04-11T06:13:00,356068,1559.820281090909,15.0,1
2025-04-10T19:14:00,355409,1516.52,0.6869915,1559.2445043636365,1495.6954230909091,2025-04-11T06:13:00,356068,1559.2445043636365,15.0,1
2025-04-10T19:15:00,355410,1515.78,0.70776594,1558.4836565454546,1494.9655846363637,2025-04-11T06:13:00,356068,1558.4836565454546,15.0,1
2025-04-10T19:18:00,355413,1516.99,0.69681776,1559.7277455454546,1496.1589691363636,2025-04-11T06:13:00,356068,1559.7277455454546,15.0,1
2025-04-10T19:19:00,355414,1518.96,0.6876443,1561.7532458181818,1498.1019174545454,2025-04-11T06:13:00,356068,1561.7532458181818,15.0,1
2025-04-10T19:20:00,355415,1519.49,0.70928943,1562.2981773636363,1498.624639590909,2025-04-11T08:05:00,356180,1562.2981773636363,15.0,1
2025-04-10T19:21:00,355416,1519.92,0.7100287,1562.7402916363637,1499.048734909091,2025-04-11T08:05:00,356180,1562.7402916363637,15.0,1
2025-04-10T19:22:00,355417,1518.29,0.76250625,1561.064370090909,1497.4411177727272,2025-04-11T06:13:00,356068,1561.064370090909,15.0,1
2025-04-10T19:23:00,355418,1516.75,0.7030624,1559.480984090909,1495.9222647727272,2025-04-11T06:13:00,356068,1559.480984090909,15.0,1
2025-04-10T19:24:00,355419,1515.13,0.6926982,1557.8153442727273,1494.3245103181819,2025-04-11T06:13:00,356068,1557.8153442727273,15.0,1
2025-04-10T19:25:00,355420,1516.78,0.74083436,1559.5118292727273,1495.9518528181818,2025-04-11T06:13:00,356068,1559.5118292727273,15.0,1
2025-04-10T19:26:00,355421,1518.17,0.73372394,1560.9409893636364,1497.322765590909,2025-04-11T06:13:00,356068,1560.9409893636364,15.0,1
2025-04-10T19:27:00,355422,1517.1,0.7598979,1559.8408445454545,1496.2674586363635,2025-04-11T06:13:00,356068,1559.8408445454545,15.0,1
2025-04-10T19:28:00,355423,1514.6,0.68700296,1557.2704127272727,1493.801788181818,2025-04-11T04:15:00,355950,1557.2704127272727,15.0,1
2025-04-10T19:29:00,355424,1511.44,0.7441852,1554.021386909091,1490.6851807272728,2025-04-11T04:15:00,355950,1554.021386909091,15.0,1
2025-04-10T19:30:00,355425,1513.52,0.7112239,1556.159986181818,1492.7366185454546,2025-04-11T04:15:00,355950,1556.159986181818,15.0,1
2025-04-10T19:31:00,355426,1515.46,0.730464,1558.1546412727273,1494.6499788181818,2025-04-11T06:13:00,356068,1558.1546412727273,15.0,1
2025-04-10T19:32:00,355427,1516.09,0.7104469,1558.802390090909,1495.271327772727,2025-04-11T06:13:00,356068,1558.802390090909,15.0,1
2025-04-10T19:34:00,355429,1516.58,0.6921476,1559.3061947272727,1495.754599181818,2025-04-11T06:13:00,356068,1559.3061947272727,15.0,1
2025-04-10T19:36:00,355431,1516.09,0.7134365,1558.802390090909,1495.271327772727,2025-04-11T06:13:00,356068,1558.802390090909,15.0,1
2025-04-10T19:39:00,355434,1516.06,0.6973011,1558.7715449090908,1495.2417397272727,2025-04-11T06:13:00,356068,1558.7715449090908,15.0,1
2025-04-10T19:43:00,355438,1511.47,0.69253844,1554.052232090909,1490.7147687727272,2025-04-11T04:15:00,355950,1554.052232090909,15.0,1
2025-04-10T19:50:00,355445,1518.99,0.7434755,1561.784091,1498.1315055,2025-04-11T06:13:00,356068,1561.784091,15.0,1
2025-04-10T19:51:00,355446,1520.79,0.7604934,1563.6348019090908,1499.9067882272727,2025-04-11T08:05:00,356180,1563.6348019090908,15.0,1
2025-04-10T19:52:00,355447,1521.98,0.7369563,1564.8583274545454,1501.0804473636363,2025-04-11T08:05:00,356180,1564.8583274545454,15.0,1
2025-04-10T19:53:00,355448,1523.25,0.691385,1566.1641068181818,1502.3330079545456,2025-04-11T08:05:00,356180,1566.1641068181818,15.0,1
2025-04-10T19:57:00,355452,1525.08,0.6891551,1568.0456629090909,1504.1378787272727,2025-04-11T00:56:00,355751,1504.1378787272727,-10.0,0
2025-04-10T19:58:00,355453,1523.49,0.70366806,1566.4108682727274,1502.569712318182,2025-04-11T08:05:00,356180,1566.4108682727274,15.0,1
2025-04-10T19:59:00,355454,1513.67,0.77253866,1556.3142120909092,1492.8845587727274,2025-04-11T04:15:00,355950,1556.3142120909092,15.0,1
2025-04-10T20:00:00,355455,1519.01,0.79549855,1561.8046544545455,1498.1512308636363,2025-04-11T06:13:00,356068,1561.8046544545455,15.0,1
2025-04-10T20:01:00,355456,1521.38,0.7103261,1564.2414238181818,1500.4886864545456,2025-04-11T08:05:00,356180,1564.2414238181818,15.0,1
2025-04-10T20:02:00,355457,1519.55,0.70102096,1562.3598677272728,1498.683815681818,2025-04-11T08:05:00,356180,1562.3598677272728,15.0,1
2025-04-10T20:03:00,355458,1519.45,0.7664317,1562.2570504545456,1498.5851888636364,2025-04-11T08:05:00,356180,1562.2570504545456,15.0,1
2025-04-10T20:04:00,355459,1518.81,0.76481235,1561.5990199090909,1497.9539772272726,2025-04-11T06:13:00,356068,1561.5990199090909,15.0,1
2025-04-10T20:05:00,355460,1519.19,0.75123507,1561.9897255454546,1498.3287591363637,2025-04-11T08:05:00,356180,1561.9897255454546,15.0,1
2025-04-10T20:06:00,355461,1519.32,0.7601885,1562.123388,1498.456974,2025-04-11T08:05:00,356180,1562.123388,15.0,1
2025-04-10T20:07:00,355462,1519.21,0.7612132,1562.010289,1498.3484845,2025-04-11T08:05:00,356180,1562.010289,15.0,1
2025-04-10T20:08:00,355463,1521.31,0.7789022,1564.1694517272726,1500.419647681818,2025-04-11T08:05:00,356180,1564.1694517272726,15.0,1
2025-04-10T20:09:00,355464,1522.46,0.7357981,1565.3518503636365,1501.5538560909092,2025-04-11T08:05:00,356180,1565.3518503636365,15.0,1
2025-04-10T20:10:00,355465,1522.05,0.7239005,1564.9302995454545,1501.1494861363635,2025-04-11T08:05:00,356180,1564.9302995454545,15.0,1
2025-04-10T20:11:00,355466,1522.08,0.6917185,1564.9611447272725,1501.1790741818181,2025-04-11T08:05:00,356180,1564.9611447272725,15.0,1
2025-04-10T20:13:00,355468,1520.31,0.7112929,1563.141279,1499.4333795,2025-04-11T08:05:00,356180,1563.141279,15.0,1
2025-04-10T21:35:00,355550,1525.3,0.6975212,1568.271860909091,1504.3548577272727,2025-04-11T00:56:00,355751,1504.3548577272727,-10.0,0
2025-04-10T21:39:00,355554,1525.8,0.77705294,1568.7859472727273,1504.8479918181818,2025-04-11T00:56:00,355751,1504.8479918181818,-10.0,0
2025-04-10T21:40:00,355555,1526.9,0.72485936,1569.9169372727274,1505.932886818182,2025-04-11T00:56:00,355751,1505.932886818182,-10.0,0
2025-04-10T21:41:00,355556,1524.66,0.72337,1567.6138303636365,1503.7236460909091,2025-04-11T00:59:00,355754,1503.7236460909091,-10.0,0
2025-04-10T21:42:00,355557,1525.98,0.69665325,1568.9710183636364,1505.0255200909091,2025-04-11T00:56:00,355751,1505.0255200909091,-10.0,0
2025-04-11T04:45:00,355980,1546.88,0.6859346,1590.4598283636365,1525.6385250909093,2025-04-11T17:39:00,356754,1590.4598283636365,15.0,1
2025-04-11T04:49:00,355984,1546.1,0.7003975,1589.6578536363636,1524.8692359090908,2025-04-11T17:39:00,356754,1589.6578536363636,15.0,1
2025-04-11T08:10:00,356185,1561.94,0.70664865,1605.9441096363637,1540.491723909091,2025-04-11T14:28:00,356563,1540.491723909091,-10.0,0
2025-04-11T08:11:00,356186,1557.53,0.7159994,1601.409867909091,1536.1422812272726,2025-04-12T08:11:00,357626,1601.409867909091,15.0,1
2025-04-11T10:33:00,356328,1577.4,0.8036473,1621.83966,1555.73943,2025-04-11T11:55:00,356410,1555.73943,-10.0,0
2025-04-11T10:34:00,356329,1576.82,0.692239,1621.2433198181818,1555.1673944545455,2025-04-11T11:55:00,356410,1555.1673944545455,-10.0,0
2025-04-11T10:57:00,356352,1566.44,0.69031054,1610.5708869090909,1544.9299307272727,2025-04-11T14:27:00,356562,1544.9299307272727,-10.0,0
2025-04-11T11:11:00,356366,1572.72,0.77882606,1617.0278116363636,1551.123694909091,2025-04-11T13:13:00,356488,1551.123694909091,-10.0,0
2025-04-11T11:13:00,356368,1566.41,0.8488317,1610.5400417272729,1544.9003426818183,2025-04-11T14:27:00,356562,1544.9003426818183,-10.0,0
2025-04-11T13:48:00,356523,1575.73,0.6908921,1620.1226115454547,1554.0923621363636,2025-04-11T14:21:00,356556,1554.0923621363636,-10.0,0
2025-04-11T13:49:00,356524,1573.78,0.6954389,1618.1176747272727,1552.169139181818,2025-04-11T14:22:00,356557,1552.169139181818,-10.0,0
2025-04-11T13:50:00,356525,1568.0,0.7967757,1612.1748363636364,1546.468509090909,2025-04-11T14:26:00,356561,1546.468509090909,-10.0,0
2025-04-11T13:51:00,356526,1570.27,0.73218364,1614.5087884545455,1548.7073378636364,2025-04-11T14:23:00,356558,1548.7073378636364,-10.0,0
2025-04-11T13:52:00,356527,1571.7,0.7412719,1615.9790754545454,1550.1177013636363,2025-04-11T14:22:00,356557,1550.1177013636363,-10.0,0
2025-04-11T15:31:00,356626,1563.65,0.70587015,1607.702285,1542.1782425000001,2025-04-12T12:39:00,357894,1607.702285,15.0,1
2025-04-11T15:34:00,356629,1562.23,0.6876739,1606.2422797272727,1540.7777416818183,2025-04-12T12:39:00,357894,1606.2422797272727,15.0,1
2025-04-11T16:34:00,356689,1568.46,0.6908741,1612.6477958181817,1546.9221924545454,2025-04-12T02:12:00,357267,1546.9221924545454,-10.0,0
2025-04-11T17:39:00,356754,1586.99,0.82521987,1631.6998364545454,1565.1977418636363,2025-04-11T18:47:00,356822,1565.1977418636363,-10.0,0
2025-04-11T17:40:00,356755,1584.05,0.7615025,1628.6770086363636,1562.2981134090908,2025-04-11T18:52:00,356827,1562.2981134090908,-10.0,0
2025-04-11T17:46:00,356761,1582.85,0.6939975,1627.4432013636363,1561.114591590909,2025-04-11T18:52:00,356827,1561.114591590909,-10.0,0
2025-04-11T17:47:00,356762,1580.23,0.7533742,1624.7493888181818,1558.5305689545455,2025-04-11T23:18:00,357093,1558.5305689545455,-10.0,0
2025-04-12T09:48:00,357723,1599.92,0.7049346,1644.9941098181819,1577.9501894545456,2025-04-12T13:56:00,357971,1644.9941098181819,15.0,1
2025-04-12T09:49:00,357724,1598.76,0.720518,1643.8014294545455,1576.8061183636364,2025-04-12T13:55:00,357970,1643.8014294545455,15.0,1
2025-04-12T09:50:00,357725,1598.33,0.7223757,1643.3593151818181,1576.3820230454544,2025-04-12T13:55:00,357970,1643.3593151818181,15.0,1
2025-04-12T09:51:00,357726,1596.72,0.72487307,1641.7039570909092,1574.7941312727273,2025-04-12T13:55:00,357970,1641.7039570909092,15.0,1
2025-04-12T09:52:00,357727,1597.0,0.7100602,1641.9918454545455,1575.0702863636363,2025-04-12T13:55:00,357970,1641.9918454545455,15.0,1
2025-04-12T09:53:00,357728,1596.93,0.7137249,1641.9198733636365,1575.001247590909,2025-04-12T13:55:00,357970,1641.9198733636365,15.0,1
2025-04-12T09:54:00,357729,1597.1,0.7171299,1642.0946627272726,1575.1689131818182,2025-04-12T13:55:00,357970,1642.0946627272726,15.0,1
2025-04-12T09:56:00,357731,1597.78,0.7148739,1642.793820181818,1575.8395755454544,2025-04-12T13:55:00,357970,1642.793820181818,15.0,1
2025-04-12T09:57:00,357732,1598.1,0.70857394,1643.1228354545453,1576.1551813636363,2025-04-12T13:55:00,357970,1643.1228354545453,15.0,1
2025-04-12T09:58:00,357733,1597.3,0.7199382,1642.3002972727272,1575.3661668181817,2025-04-12T13:55:00,357970,1642.3002972727272,15.0,1
2025-04-12T12:39:00,357894,1615.99,0.70920676,1661.5168455454545,1593.7995191363636,2025-04-12T14:24:00,357999,1661.5168455454545,15.0,1
2025-04-13T17:44:00,359639,1629.1,0.7409261,1674.9961899999998,1606.7294949999998,2025-04-13T19:37:00,359752,1606.7294949999998,-10.0,0
2025-04-14T00:25:00,360040,1614.43,0.7131145,1659.912896090909,1592.2609407727273,2025-04-14T10:21:00,360636,1659.912896090909,15.0,1
2025-04-16T14:56:00,363791,1588.01,0.70348597,1632.7485726363636,1566.203735409091,2025-04-16T17:49:00,363964,1566.203735409091,-10.0,0
2025-04-16T15:25:00,363820,1607.85,0.8226135,1653.1475195454545,1585.7712961363636,2025-04-16T16:22:00,363877,1585.7712961363636,-10.0,0
2025-04-16T15:26:00,363821,1606.18,0.78723186,1651.4304710909091,1584.1242282727274,2025-04-16T16:23:00,363878,1584.1242282727274,-10.0,0
2025-04-16T15:27:00,363822,1604.61,0.7527878,1649.8162399090909,1582.5757872272727,2025-04-16T16:23:00,363878,1582.5757872272727,-10.0,0
2025-04-16T15:28:00,363823,1605.01,0.7873907,1650.227509,1582.9702945,2025-04-16T16:23:00,363878,1582.9702945,-10.0,0
2025-04-16T17:18:00,363933,1600.5,0.83357304,1645.59045,1578.522225,2025-04-16T17:41:00,363956,1578.522225,-10.0,0
2025-04-16T17:19:00,363934,1602.67,0.8818717,1647.821584818182,1580.6624269545455,2025-04-16T17:40:00,363955,1580.6624269545455,-10.0,0
2025-04-16T17:20:00,363935,1600.69,0.88033766,1645.7858028181818,1578.7096159545456,2025-04-16T17:41:00,363956,1578.7096159545456,-10.0,0
2025-04-16T17:21:00,363936,1610.64,0.93308115,1656.0161214545456,1588.5229843636364,2025-04-16T17:40:00,363955,1588.5229843636364,-10.0,0
2025-04-16T17:22:00,363937,1605.21,0.95360786,1650.4331435454546,1583.1675481363636,2025-04-16T17:40:00,363955,1583.1675481363636,-10.0,0
2025-04-16T18:23:00,363998,1566.26,0.6850549,1610.3858158181818,1544.7524024545455,2025-04-17T16:27:00,365322,1610.3858158181818,15.0,1
2025-04-16T19:50:00,364085,1588.71,0.7878445,1633.4682935454546,1566.8941231363638,2025-04-17T14:35:00,365210,1566.8941231363638,-10.0,0
2025-04-16T19:54:00,364089,1590.71,0.7159324,1635.524639,1568.8666595,2025-04-17T14:35:00,365210,1568.8666595,-10.0,0
2025-04-16T19:55:00,364090,1590.71,0.691637,1635.524639,1568.8666595,2025-04-17T14:35:00,365210,1568.8666595,-10.0,0
2025-04-16T19:56:00,364091,1593.45,0.71019983,1638.3418322727273,1571.5690343181818,2025-04-16T20:56:00,364151,1571.5690343181818,-10.0,0
2025-04-16T19:57:00,364092,1588.87,0.7133805,1633.632801181818,1567.0519260454544,2025-04-17T14:35:00,365210,1567.0519260454544,-10.0,0
2025-04-17T16:17:00,365312,1592.1,0.70640963,1636.953799090909,1570.2375722727272,2025-04-20T10:54:00,369309,1570.2375722727272,-10.0,0
2025-04-17T16:19:00,365314,1594.49,0.6935223,1639.411131909091,1572.5947532272728,2025-04-20T10:53:00,369308,1572.5947532272728,-10.0,0
2025-04-17T16:27:00,365322,1604.94,0.7179263,1650.1555369090909,1582.9012557272729,2025-04-17T19:20:00,365495,1582.9012557272729,-10.0,0
2025-04-17T16:29:00,365324,1604.36,0.7002055,1649.5591967272726,1582.329220181818,2025-04-17T19:21:00,365496,1582.329220181818,-10.0,0
2025-04-17T16:30:00,365325,1602.19,0.8037958,1647.328061909091,1580.1890182272728,2025-04-17T19:21:00,365496,1580.1890182272728,-10.0,0
2025-04-17T17:30:00,365385,1603.93,0.6890582,1649.1170824545454,1581.9051248636365,2025-04-17T19:21:00,365496,1581.9051248636365,-10.0,0
2025-04-17T17:31:00,365386,1606.14,0.7009866,1651.3893441818184,1584.0847775454547,2025-04-17T19:19:00,365494,1584.0847775454547,-10.0,0
2025-04-17T17:32:00,365387,1605.41,0.7337745,1650.6387780909092,1583.3648017727273,2025-04-17T19:20:00,365495,1583.3648017727273,-10.0,0
2025-04-17T17:33:00,365388,1608.6,0.7563822,1653.918649090909,1586.510997272727,2025-04-17T19:17:00,365492,1586.510997272727,-10.0,0
2025-04-17T17:34:00,365389,1607.14,0.7565371,1652.417516909091,1585.0710457272728,2025-04-17T19:18:00,365493,1585.0710457272728,-10.0,0
2025-04-17T18:34:00,365449,1608.85,0.74839354,1654.1756922727272,1586.7575643181817,2025-04-17T19:17:00,365492,1586.7575643181817,-10.0,0
2025-04-17T18:37:00,365452,1609.61,0.685602,1654.9571035454544,1587.5071281363635,2025-04-17T19:17:00,365492,1587.5071281363635,-10.0,0
2025-04-17T18:42:00,365457,1609.42,0.72108305,1654.7617507272728,1587.3197371818183,2025-04-17T19:17:00,365492,1587.3197371818183,-10.0,0
2025-04-17T18:47:00,365462,1608.69,0.7447584,1654.0111846363636,1586.599761409091,2025-04-17T19:17:00,365492,1586.599761409091,-10.0,0
2025-04-17T18:49:00,365464,1607.54,0.7307579,1652.828786,1585.465553,2025-04-17T19:18:00,365493,1585.465553,-10.0,0
2025-04-21T04:17:00,370352,1633.41,0.78114355,1679.4276144545456,1610.9803108636365,2025-04-21T13:59:00,370934,1610.9803108636365,-10.0,0
2025-04-21T04:18:00,370353,1632.98,0.74414676,1678.9855001818182,1610.5562155454545,2025-04-21T13:59:00,370934,1610.5562155454545,-10.0,0
2025-04-21T04:19:00,370354,1633.22,0.76474226,1679.2322616363635,1610.7929199090909,2025-04-21T13:59:00,370934,1610.7929199090909,-10.0,0
2025-04-21T04:20:00,370355,1634.3,0.6907123,1680.3426881818182,1611.8580895454545,2025-04-21T13:58:00,370933,1611.8580895454545,-10.0,0
2025-04-22T02:15:00,371670,1583.36,0.6983394,1627.9675694545454,1561.6175883636363,2025-04-22T08:05:00,372020,1627.9675694545454,15.0,1
2025-04-22T02:18:00,371673,1582.95,0.68874407,1627.5460186363637,1561.213218409091,2025-04-22T08:05:00,372020,1627.5460186363637,15.0,1
2025-04-22T04:31:00,371806,1582.25,0.7136031,1626.8262977272727,1560.5228306818183,2025-04-22T08:05:00,372020,1626.8262977272727,15.0,1
2025-04-22T04:32:00,371807,1581.46,0.68808246,1626.0140412727274,1559.743678818182,2025-04-22T08:05:00,372020,1626.0140412727274,15.0,1
2025-04-22T04:33:00,371808,1582.7,0.6993651,1627.2889754545456,1560.9666513636364,2025-04-22T08:05:00,372020,1627.2889754545456,15.0,1
2025-04-22T07:37:00,371992,1613.77,0.733243,1659.234302090909,1591.6100037727272,2025-04-22T14:44:00,372419,1659.234302090909,15.0,1
2025-04-22T07:38:00,371993,1611.88,0.79431635,1657.2910556363638,1589.745956909091,2025-04-22T14:44:00,372419,1657.2910556363638,15.0,1
2025-04-22T07:39:00,371994,1610.63,0.8069475,1656.0058397272728,1588.5131216818183,2025-04-22T14:44:00,372419,1656.0058397272728,15.0,1
2025-04-22T07:40:00,371995,1611.83,0.7657753,1657.2396469999999,1589.6966435,2025-04-22T14:44:00,372419,1657.2396469999999,15.0,1
2025-04-22T07:41:00,371996,1609.84,0.7534943,1655.1935832727272,1587.7339698181818,2025-04-22T14:44:00,372419,1655.1935832727272,15.0,1
2025-04-22T07:42:00,371997,1609.52,0.7308882,1654.864568,1587.4183639999999,2025-04-22T14:44:00,372419,1654.864568,15.0,1
2025-04-22T07:44:00,371999,1611.92,0.68429947,1657.3321825454545,1589.7854076363637,2025-04-22T14:44:00,372419,1657.3321825454545,15.0,1
2025-04-22T07:47:00,372002,1615.5,0.7045208,1661.013040909091,1593.3162477272726,2025-04-22T14:44:00,372419,1661.013040909091,15.0,1
2025-04-22T07:48:00,372003,1619.48,0.7196794,1665.1051683636363,1597.2415950909092,2025-04-22T14:44:00,372419,1665.1051683636363,15.0,1
2025-04-22T07:49:00,372004,1617.08,0.8086431,1662.6375538181817,1594.8745514545453,2025-04-22T14:44:00,372419,1662.6375538181817,15.0,1
2025-04-22T07:50:00,372005,1616.0,0.8049738,1661.5271272727273,1593.809381818182,2025-04-22T14:44:00,372419,1661.5271272727273,15.0,1
2025-04-22T07:51:00,372006,1616.93,0.81061614,1662.483327909091,1594.7266112272728,2025-04-22T14:44:00,372419,1662.483327909091,15.0,1
2025-04-22T07:52:00,372007,1615.94,0.7710791,1661.465436909091,1593.7502057272727,2025-04-22T14:44:00,372419,1661.465436909091,15.0,1
2025-04-22T07:53:00,372008,1616.1,0.7928519,1661.6299445454545,1593.9080086363635,2025-04-22T14:44:00,372419,1661.6299445454545,15.0,1
2025-04-22T07:54:00,372009,1615.99,0.8002208,1661.5168455454545,1593.7995191363636,2025-04-22T14:44:00,372419,1661.5168455454545,15.0,1
2025-04-22T07:55:00,372010,1616.4,0.7792001,1661.9383963636365,1594.2038890909091,2025-04-22T14:44:00,372419,1661.9383963636365,15.0,1
2025-04-22T07:56:00,372011,1618.49,0.77591765,1664.0872773636363,1596.2651895909091,2025-04-22T14:44:00,372419,1664.0872773636363,15.0,1
2025-04-22T07:57:00,372012,1618.12,0.7983341,1663.7068534545454,1595.9002703636363,2025-04-22T14:44:00,372419,1663.7068534545454,15.0,1
2025-04-22T07:58:00,372013,1618.33,0.7793132,1663.9227697272727,1596.107386681818,2025-04-22T14:44:00,372419,1663.9227697272727,15.0,1
2025-04-22T07:59:00,372014,1618.6,0.7856927,1664.2003763636362,1596.373679090909,2025-04-22T14:44:00,372419,1664.2003763636362,15.0,1
2025-04-22T08:00:00,372015,1622.24,0.7427176,1667.942925090909,1599.9636952727274,2025-04-22T14:44:00,372419,1667.942925090909,15.0,1
2025-04-22T08:01:00,372016,1622.48,0.8133877,1668.1896865454546,1600.2003996363637,2025-04-22T14:44:00,372419,1668.1896865454546,15.0,1
2025-04-22T08:02:00,372017,1621.59,0.7683691,1667.2746128181818,1599.3226209545453,2025-04-22T14:44:00,372419,1667.2746128181818,15.0,1
2025-04-22T08:03:00,372018,1621.09,0.78290164,1666.7605264545455,1598.8294868636362,2025-04-22T14:44:00,372419,1666.7605264545455,15.0,1
2025-04-22T08:04:00,372019,1624.61,0.74873674,1670.3796944545454,1602.3011508636362,2025-04-22T14:44:00,372419,1670.3796944545454,15.0,1
2025-04-22T08:05:00,372020,1627.46,0.705153,1673.3099867272726,1605.1120151818182,2025-04-22T14:44:00,372419,1673.3099867272726,15.0,1
2025-04-22T08:06:00,372021,1625.75,0.7651519,1671.5518113636363,1603.425496590909,2025-04-22T14:44:00,372419,1671.5518113636363,15.0,1
2025-04-22T08:07:00,372022,1626.18,0.74692404,1671.9939256363637,1603.849591909091,2025-04-22T14:44:00,372419,1671.9939256363637,15.0,1
2025-04-22T08:08:00,372023,1624.23,0.841835,1669.988988818182,1601.9263689545455,2025-04-22T14:44:00,372419,1669.988988818182,15.0,1
2025-04-22T08:09:00,372024,1623.46,0.8156994,1669.1972958181818,1601.1669424545455,2025-04-22T14:44:00,372419,1669.1972958181818,15.0,1
2025-04-22T08:10:00,372025,1624.24,0.7926452,1669.9992705454545,1601.9362316363636,2025-04-22T14:44:00,372419,1669.9992705454545,15.0,1
2025-04-22T08:11:00,372026,1625.47,0.8032408,1671.263923,1603.1493415,2025-04-22T14:44:00,372419,1671.263923,15.0,1
2025-04-22T08:12:00,372027,1625.78,0.78490335,1671.5826565454545,1603.4550846363636,2025-04-22T14:44:00,372419,1671.5826565454545,15.0,1
2025-04-22T08:13:00,372028,1627.69,0.76639,1673.5464664545455,1605.3388568636365,2025-04-22T14:44:00,372419,1673.5464664545455,15.0,1
2025-04-22T08:14:00,372029,1625.29,0.7866896,1671.0788519090909,1602.9718132272726,2025-04-22T14:44:00,372419,1671.0788519090909,15.0,1
2025-04-22T08:15:00,372030,1626.23,0.73875034,1672.0453342727274,1603.8989053181817,2025-04-22T14:44:00,372419,1672.0453342727274,15.0,1
2025-04-22T08:16:00,372031,1629.1,0.7381822,1674.9961899999998,1606.7294949999998,2025-04-22T14:44:00,372419,1674.9961899999998,15.0,1
2025-04-22T08:18:00,372033,1628.7,0.7377474,1674.584920909091,1606.3349877272728,2025-04-22T14:44:00,372419,1674.584920909091,15.0,1
2025-04-22T08:19:00,372034,1624.96,0.8346478,1670.7395549090909,1602.6463447272727,2025-04-22T14:44:00,372419,1670.7395549090909,15.0,1
2025-04-22T08:20:00,372035,1626.67,0.86442465,1672.4977302727273,1604.3328633181818,2025-04-22T14:44:00,372419,1672.4977302727273,15.0,1
2025-04-22T08:21:00,372036,1624.05,0.79580045,1669.8039177272726,1601.7488406818181,2025-04-22T14:44:00,372419,1669.8039177272726,15.0,1
2025-04-22T08:22:00,372037,1625.75,0.8580762,1671.5518113636363,1603.425496590909,2025-04-22T14:44:00,372419,1671.5518113636363,15.0,1
2025-04-22T08:23:00,372038,1623.5,0.7327789,1669.2384227272728,1601.2063931818182,2025-04-22T14:44:00,372419,1669.2384227272728,15.0,1
2025-04-22T08:24:00,372039,1624.81,0.7360912,1670.585329,1602.4984044999999,2025-04-22T14:44:00,372419,1670.585329,15.0,1
2025-04-22T08:25:00,372040,1624.18,0.74924195,1669.9375801818182,1601.8770555454546,2025-04-22T14:44:00,372419,1669.9375801818182,15.0,1
2025-04-22T14:31:00,372406,1645.32,0.68807477,1691.6731516363636,1622.726764909091,2025-04-22T15:00:00,372435,1691.6731516363636,15.0,1
2025-04-22T14:36:00,372411,1645.32,0.69660723,1691.6731516363636,1622.726764909091,2025-04-22T15:00:00,372435,1691.6731516363636,15.0,1
2025-04-22T21:50:00,372845,1750.19,0.88722664,1799.4976255454546,1726.1567091363636,2025-04-23T02:23:00,373118,1799.4976255454546,15.0,1
2025-04-22T21:51:00,372846,1751.88,0.87405133,1801.2352374545455,1727.8235023636364,2025-04-23T02:23:00,373118,1801.2352374545455,15.0,1
2025-04-22T21:52:00,372847,1754.96,0.8266437,1804.4020094545456,1730.8612083636365,2025-04-23T02:24:00,373119,1804.4020094545456,15.0,1
2025-04-22T21:53:00,372848,1751.39,0.81025416,1800.731432818182,1727.3402309545456,2025-04-23T02:23:00,373118,1800.731432818182,15.0,1
2025-04-22T21:54:00,372849,1757.09,0.7682592,1806.5920173636364,1732.961959590909,2025-04-23T02:49:00,373144,1806.5920173636364,15.0,1
2025-04-22T21:55:00,372850,1753.01,0.7987602,1802.3970726363636,1728.937985409091,2025-04-23T02:24:00,373119,1802.3970726363636,15.0,1
2025-04-22T21:56:00,372851,1751.46,0.81319094,1800.803404909091,1727.4092697272727,2025-04-23T02:23:00,373118,1800.803404909091,15.0,1
2025-04-22T21:57:00,372852,1747.65,0.773583,1796.886066818182,1723.6515879545454,2025-04-23T02:22:00,373117,1796.886066818182,15.0,1
2025-04-22T21:58:00,372853,1751.64,0.7872782,1800.988476,1727.586798,2025-04-23T02:23:00,373118,1800.988476,15.0,1
2025-04-22T21:59:00,372854,1753.65,0.69360375,1803.0551031818184,1729.5691970454545,2025-04-23T02:24:00,373119,1803.0551031818184,15.0,1
2025-04-22T22:00:00,372855,1756.88,0.7863199,1806.3761010909093,1732.7548432727274,2025-04-23T02:49:00,373144,1806.3761010909093,15.0,1
2025-04-22T22:01:00,372856,1751.35,0.6912006,1800.6903059090907,1727.3007802272725,2025-04-23T02:23:00,373118,1800.6903059090907,15.0,1
2025-04-24T14:09:00,375264,1770.41,0.6990654,1820.2872780909092,1746.0990517727273,2025-04-24T17:15:00,375450,1746.0990517727273,-10.0,0
2025-04-24T14:54:00,375309,1770.0,0.7032389,1819.8657272727273,1745.6946818181818,2025-04-24T17:15:00,375450,1745.6946818181818,-10.0,0
2025-04-24T14:56:00,375311,1768.2,0.7125769,1818.0150163636365,1743.919399090909,2025-04-25T02:53:00,376028,1743.919399090909,-10.0,0
2025-04-30T18:07:00,384142,1785.6,0.71795774,1835.9052218181816,1761.0804654545454,2025-05-01T10:21:00,385116,1835.9052218181816,15.0,1
2025-05-01T12:26:00,385241,1846.77,0.6862526,1898.7985475454545,1821.4104901363637,2025-05-02T07:09:00,386364,1821.4104901363637,-10.0,0
2025-05-01T12:27:00,385242,1846.22,0.7158982,1898.2330525454545,1820.8680426363637,2025-05-02T07:09:00,386364,1820.8680426363637,-10.0,0
2025-05-01T12:28:00,385243,1844.2,0.7091129,1896.1561436363636,1818.875780909091,2025-05-02T07:09:00,386364,1818.875780909091,-10.0,0
2025-05-01T12:29:00,385244,1845.15,0.6965421,1897.1329077272728,1819.8127356818184,2025-05-02T07:09:00,386364,1819.8127356818184,-10.0,0
2025-05-01T12:30:00,385245,1843.1,0.6933959,1895.0251536363635,1817.7908859090908,2025-05-02T07:37:00,386392,1817.7908859090908,-10.0,0
2025-05-01T13:30:00,385305,1849.46,0.7951177,1901.5643321818181,1824.0635515454546,2025-05-01T13:43:00,385318,1824.0635515454546,-10.0,0
2025-05-01T13:31:00,385306,1846.05,0.7040767,1898.0582631818181,1820.7003770454544,2025-05-02T07:09:00,386364,1820.7003770454544,-10.0,0
2025-05-01T13:32:00,385307,1847.63,0.71460444,1899.682776090909,1822.2586807727273,2025-05-02T07:09:00,386364,1822.2586807727273,-10.0,0
2025-05-01T13:33:00,385308,1846.79,0.7127427,1898.819111,1821.4302155,2025-05-02T07:09:00,386364,1821.4302155,-10.0,0
2025-05-01T15:15:00,385410,1865.76,0.766069,1918.3235476363636,1840.139722909091,2025-05-01T19:58:00,385693,1840.139722909091,-10.0,0
2025-05-01T16:15:00,385470,1855.01,0.6859072,1907.2706908181817,1829.5373399545454,2025-05-02T05:53:00,386288,1829.5373399545454,-10.0,0
2025-05-01T16:19:00,385474,1854.75,0.6924754,1907.003365909091,1829.2809102272727,2025-05-02T05:53:00,386288,1829.2809102272727,-10.0,0
2025-05-01T16:21:00,385476,1857.58,0.72451013,1909.9130947272727,1832.072049181818,2025-05-01T23:05:00,385880,1832.072049181818,-10.0,0
2025-05-01T16:23:00,385478,1858.94,0.7673833,1911.3114096363638,1833.413373909091,2025-05-01T23:05:00,385880,1833.413373909091,-10.0,0
2025-05-01T16:27:00,385482,1861.38,0.69408876,1913.8201510909091,1835.8198682727275,2025-05-01T23:05:00,385880,1835.8198682727275,-10.0,0
2025-05-02T16:11:00,386906,1861.5,0.7695916,1913.9435318181818,1835.9382204545454,2025-05-02T19:48:00,387123,1835.9382204545454,-10.0,0
2025-05-02T16:12:00,386907,1860.49,0.77739775,1912.9050773636363,1834.942089590909,2025-05-02T19:48:00,387123,1834.942089590909,-10.0,0
2025-05-02T16:13:00,386908,1860.53,0.7858056,1912.9462042727273,1834.9815403181817,2025-05-02T19:48:00,387123,1834.9815403181817,-10.0,0
2025-05-02T16:14:00,386909,1860.91,0.7616633,1913.336909909091,1835.3563222272728,2025-05-02T19:48:00,387123,1835.3563222272728,-10.0,0
2025-05-02T16:15:00,386910,1863.02,0.75997823,1915.5063543636363,1837.4373480909092,2025-05-02T19:43:00,387118,1837.4373480909092,-10.0,0
2025-05-08T10:02:00,395177,1939.39,0.7412083,1994.0279055454546,1912.7586491363638,2025-05-08T14:34:00,395449,1994.0279055454546,15.0,1
2025-05-08T10:03:00,395178,1939.88,0.7179182,1994.5317101818182,1913.2419205454546,2025-05-08T14:34:00,395449,1994.5317101818182,15.0,1
2025-05-08T10:11:00,395186,1938.61,0.6890716,1993.2259308181817,1911.9893599545453,2025-05-08T14:32:00,395447,1993.2259308181817,15.0,1
2025-05-08T10:14:00,395189,1939.87,0.7348981,1994.5214284545452,1913.2320578636363,2025-05-08T14:34:00,395449,1994.5214284545452,15.0,1
2025-05-08T10:15:00,395190,1938.72,0.72874665,1993.3390298181819,1912.0978494545454,2025-05-08T14:32:00,395447,1993.3390298181819,15.0,1
2025-05-08T11:20:00,395255,1948.3,0.71391106,2003.1889245454545,1921.5462986363636,2025-05-08T14:50:00,395465,2003.1889245454545,15.0,1
2025-05-08T11:24:00,395259,1948.86,0.72973603,2003.7647012727273,1922.0986088181817,2025-05-08T14:50:00,395465,2003.7647012727273,15.0,1
2025-05-08T11:25:00,395260,1948.91,0.70591843,2003.816109909091,1922.1479222272728,2025-05-08T14:50:00,395465,2003.816109909091,15.0,1
2025-05-08T11:26:00,395261,1950.19,0.7038438,2005.132171,1923.4103455,2025-05-08T14:50:00,395465,2005.132171,15.0,1
2025-05-08T13:38:00,395393,1967.64,0.7484509,2023.0737850909093,1940.6207252727274,2025-05-08T15:24:00,395499,2023.0737850909093,15.0,1
2025-05-08T13:40:00,395395,1970.23,0.702452,2025.7367524545455,1943.1751598636363,2025-05-08T15:24:00,395499,2025.7367524545455,15.0,1
2025-05-08T13:41:00,395396,1969.57,0.7285904,2025.0581584545455,1942.5242228636364,2025-05-08T15:24:00,395499,2025.0581584545455,15.0,1
2025-05-08T13:51:00,395406,1974.13,0.71475464,2029.746626090909,1947.0216057727273,2025-05-08T15:28:00,395503,2029.746626090909,15.0,1
2025-05-08T13:52:00,395407,1970.48,0.76892966,2025.9937956363638,1943.421726909091,2025-05-08T15:24:00,395499,2025.9937956363638,15.0,1
2025-05-08T13:53:00,395408,1972.21,0.808361,2027.7725344545454,1945.1279708636364,2025-05-08T15:28:00,395503,2027.7725344545454,15.0,1
2025-05-08T13:54:00,395409,1972.26,0.81049776,2027.823943090909,1945.1772842727273,2025-05-08T15:28:00,395503,2027.823943090909,15.0,1
2025-05-08T13:55:00,395410,1975.49,0.6883707,2031.144941,1948.3629305,2025-05-08T15:28:00,395503,2031.144941,15.0,1
2025-05-08T13:58:00,395413,1973.7,0.748069,2029.304511818182,1946.5975104545455,2025-05-08T15:28:00,395503,2029.304511818182,15.0,1
2025-05-08T14:01:00,395416,1976.01,0.7016181,2031.6795908181819,1948.8757899545456,2025-05-08T15:28:00,395503,2031.6795908181819,15.0,1
2025-05-08T14:08:00,395423,1973.85,0.75880903,2029.4587377272726,1946.745450681818,2025-05-08T15:28:00,395503,2029.4587377272726,15.0,1
2025-05-08T14:09:00,395424,1974.52,0.77662456,2030.1476134545455,1947.4062503636364,2025-05-08T15:28:00,395503,2030.1476134545455,15.0,1
2025-05-08T14:10:00,395425,1976.5,0.72244155,2032.1833954545455,1949.3590613636363,2025-05-08T15:38:00,395513,2032.1833954545455,15.0,1
2025-05-08T14:11:00,395426,1972.11,0.7430587,2027.669717181818,1945.0293440454545,2025-05-08T15:28:00,395503,2027.669717181818,15.0,1
2025-05-08T14:13:00,395428,1971.15,0.70401907,2026.6826713636365,1944.082526590909,2025-05-08T15:24:00,395499,2026.6826713636365,15.0,1
2025-05-08T14:14:00,395429,1970.42,0.7080695,2025.9321052727273,1943.362550818182,2025-05-08T15:24:00,395499,2025.9321052727273,15.0,1
2025-05-08T14:15:00,395430,1972.08,0.7100468,2027.638872,1944.999756,2025-05-08T15:28:00,395503,2027.638872,15.0,1
2025-05-08T14:16:00,395431,1972.12,0.7193437,2027.6799989090907,1945.0392067272726,2025-05-08T15:28:00,395503,2027.6799989090907,15.0,1
2025-05-08T14:17:00,395432,1973.83,0.721931,2029.438174272727,1946.7257253181817,2025-05-08T15:28:00,395503,2029.438174272727,15.0,1
2025-05-08T14:19:00,395434,1973.35,0.69787574,2028.9446513636362,1946.252316590909,2025-05-08T15:28:00,395503,2028.9446513636362,15.0,1
2025-05-10T20:05:00,398660,2483.02,0.7381222,2552.973445272727,2448.923620818182,2025-05-10T22:38:00,398813,2552.973445272727,15.0,1
2025-05-27T09:01:00,422476,2634.22,0.70181024,2708.4331616363634,2598.047369909091,2025-05-27T17:45:00,423000,2708.4331616363634,15.0,1
2025-05-27T09:10:00,422485,2635.34,0.71423167,2709.5847150909094,2599.1519902727273,2025-05-27T17:46:00,423001,2709.5847150909094,15.0,1
2025-05-27T09:12:00,422487,2635.45,0.72786194,2709.697814090909,2599.260479772727,2025-05-27T17:46:00,423001,2709.697814090909,15.0,1
2025-05-27T09:16:00,422491,2632.08,0.70466685,2706.232872,2595.936756,2025-05-27T17:45:00,423000,2706.232872,15.0,1
2025-05-27T09:17:00,422492,2632.81,0.68661976,2706.983438090909,2596.656731772727,2025-05-27T17:45:00,423000,2706.983438090909,15.0,1
2025-05-27T09:18:00,422493,2632.03,0.77260524,2706.181463363637,2595.8874425909094,2025-05-27T17:45:00,423000,2706.181463363637,15.0,1
2025-05-27T09:19:00,422494,2630.45,0.75478905,2704.556950454545,2594.329138863636,2025-05-27T17:45:00,423000,2704.556950454545,15.0,1
2025-05-27T09:20:00,422495,2631.26,0.8316761,2705.3897703636367,2595.128016090909,2025-05-27T17:45:00,423000,2705.3897703636367,15.0,1
2025-05-27T09:21:00,422496,2626.48,0.7463369,2700.4751047272725,2590.4136541818184,2025-05-27T17:44:00,422999,2700.4751047272725,15.0,1
2025-05-27T09:22:00,422497,2628.79,0.74582016,2702.850183727273,2592.691933681818,2025-05-27T17:44:00,422999,2702.850183727273,15.0,1
2025-05-27T09:24:00,422499,2624.05,0.7269237,2697.976645,2588.0170225,2025-05-27T17:43:00,422998,2697.976645,15.0,1
2025-05-27T09:25:00,422500,2626.5,0.74093884,2700.495668181818,2590.4333795454545,2025-05-27T17:44:00,422999,2700.495668181818,15.0,1
2025-05-27T09:26:00,422501,2624.3,0.71184677,2698.2336881818183,2588.2635895454546,2025-05-27T17:43:00,422998,2698.2336881818183,15.0,1
2025-05-27T09:28:00,422503,2624.24,0.725626,2698.171997818182,2588.2044134545454,2025-05-27T17:43:00,422998,2698.171997818182,15.0,1
2025-05-27T09:37:00,422512,2628.58,0.6955256,2702.6342674545454,2592.4848173636365,2025-05-27T17:44:00,422999,2702.6342674545454,15.0,1
2025-05-27T09:38:00,422513,2630.1,0.6914643,2704.19709,2593.983945,2025-05-27T17:44:00,422999,2704.19709,15.0,1
2025-05-27T09:39:00,422514,2630.21,0.6889102,2704.310189,2594.0924345,2025-05-27T17:44:00,422999,2704.310189,15.0,1
2025-05-27T10:05:00,422540,2635.75,0.68854976,2710.006265909091,2599.5563602272728,2025-05-27T17:47:00,423002,2710.006265909091,15.0,1
2025-05-27T10:06:00,422541,2634.64,0.69203687,2708.864994181818,2598.4616025454543,2025-05-27T17:45:00,423000,2708.864994181818,15.0,1
2025-06-02T16:15:00,431550,2537.69,0.6985006,2609.183648272727,2502.842902318182,2025-06-02T23:40:00,431995,2609.183648272727,15.0,1
2025-06-02T16:59:00,431594,2545.19,0.6992994,2616.8949437272727,2510.239913681818,2025-06-03T00:15:00,432030,2616.8949437272727,15.0,1
2025-06-02T17:04:00,431599,2543.39,0.73829824,2615.0442328181816,2508.464630954545,2025-06-03T00:12:00,432027,2615.0442328181816,15.0,1
2025-06-02T17:05:00,431600,2542.75,0.7239948,2614.386202272727,2507.8334193181818,2025-06-03T00:12:00,432027,2614.386202272727,15.0,1
2025-06-02T17:06:00,431601,2542.4,0.75510955,2614.026341818182,2507.4882254545455,2025-06-02T23:50:00,432005,2614.026341818182,15.0,1
2025-06-02T17:07:00,431602,2543.1,0.7571625,2614.7460627272726,2508.178613181818,2025-06-03T00:12:00,432027,2614.7460627272726,15.0,1
2025-06-02T17:08:00,431603,2540.56,0.74391884,2612.134504,2505.673492,2025-06-02T23:50:00,432005,2612.134504,15.0,1
2025-06-02T17:09:00,431604,2541.9,0.7450993,2613.5122554545455,2506.9950913636367,2025-06-02T23:50:00,432005,2613.5122554545455,15.0,1
2025-06-02T17:10:00,431605,2544.6,0.77543724,2616.288321818182,2509.6580154545454,2025-06-03T00:12:00,432027,2616.288321818182,15.0,1
2025-06-02T17:11:00,431606,2543.65,0.79438996,2615.311557727273,2508.7210606818185,2025-06-03T00:12:00,432027,2615.311557727273,15.0,1
2025-06-02T17:12:00,431607,2540.18,0.79658943,2611.7437983636364,2505.298710090909,2025-06-02T23:40:00,431995,2611.7437983636364,15.0,1
2025-06-02T17:13:00,431608,2539.09,0.75286376,2610.623090090909,2504.2236777727276,2025-06-02T23:40:00,431995,2610.623090090909,15.0,1
2025-06-02T17:14:00,431609,2538.81,0.74155504,2610.3352017272728,2503.947522681818,2025-06-02T23:40:00,431995,2610.3352017272728,15.0,1
2025-06-02T17:15:00,431610,2539.74,0.7528397,2611.2914023636363,2504.864752090909,2025-06-02T23:40:00,431995,2611.2914023636363,15.0,1
2025-06-02T17:16:00,431611,2540.99,0.73896503,2612.576618272727,2506.0975873181815,2025-06-02T23:50:00,432005,2612.576618272727,15.0,1
2025-06-02T17:17:00,431612,2540.84,0.7586052,2612.4223923636364,2505.9496470909094,2025-06-02T23:50:00,432005,2612.4223923636364,15.0,1
2025-06-02T17:18:00,431613,2546.82,0.7633769,2618.5708652727276,2511.847530818182,2025-06-03T00:15:00,432030,2618.5708652727276,15.0,1
2025-06-02T17:19:00,431614,2549.54,0.68873394,2621.367495090909,2514.530180272727,2025-06-03T00:19:00,432034,2621.367495090909,15.0,1
2025-06-02T17:22:00,431617,2545.28,0.75916725,2616.9874792727273,2510.328677818182,2025-06-03T00:15:00,432030,2616.9874792727273,15.0,1
2025-06-02T17:26:00,431621,2546.87,0.7018653,2618.622273909091,2511.8968442272726,2025-06-03T00:15:00,432030,2618.622273909091,15.0,1
2025-06-02T17:27:00,431622,2544.11,0.7614883,2615.7845171818185,2509.1747440454546,2025-06-03T00:12:00,432027,2615.7845171818185,15.0,1
2025-06-02T17:28:00,431623,2543.51,0.760708,2615.167613545455,2508.582983136364,2025-06-03T00:12:00,432027,2615.167613545455,15.0,1
2025-06-02T17:29:00,431624,2543.01,0.76228005,2614.6535271818184,2508.0898490454547,2025-06-03T00:12:00,432027,2614.6535271818184,15.0,1
2025-06-02T17:30:00,431625,2544.76,0.761283,2616.4528294545457,2509.8158183636365,2025-06-03T00:12:00,432027,2616.4528294545457,15.0,1
2025-06-02T17:31:00,431626,2543.04,0.7285873,2614.684372363636,2508.119437090909,2025-06-03T00:12:00,432027,2614.684372363636,15.0,1
2025-06-02T17:32:00,431627,2543.77,0.74901164,2615.4349384545453,2508.8394128636364,2025-06-03T00:12:00,432027,2615.4349384545453,15.0,1
2025-06-02T17:33:00,431628,2540.96,0.6964509,2612.5457730909093,2506.0679992727273,2025-06-02T23:50:00,432005,2612.5457730909093,15.0,1
2025-06-02T17:34:00,431629,2541.49,0.70797664,2613.0907046363636,2506.5907214090907,2025-06-02T23:50:00,432005,2613.0907046363636,15.0,1
2025-06-02T17:37:00,431632,2542.0,0.7265068,2613.6150727272725,2507.093718181818,2025-06-02T23:50:00,432005,2613.6150727272725,15.0,1
2025-06-02T17:38:00,431633,2545.71,0.6915557,2617.4295935454547,2510.752773136364,2025-06-03T00:15:00,432030,2617.4295935454547,15.0,1
2025-06-02T17:39:00,431634,2546.0,0.70706666,2617.7277636363638,2511.038790909091,2025-06-03T00:15:00,432030,2617.7277636363638,15.0,1
2025-06-06T15:17:00,437252,2519.17,0.7535091,2590.1418893636364,2484.577215590909,2025-06-06T17:26:00,437381,2484.577215590909,-10.0,0
2025-06-06T15:18:00,437253,2515.96,0.77244025,2586.8414549090908,2481.411294727273,2025-06-06T20:06:00,437541,2481.411294727273,-10.0,0
2025-06-06T15:19:00,437254,2513.91,0.7500606,2584.7337008181817,2479.3894449545455,2025-06-06T22:36:00,437691,2479.3894449545455,-10.0,0
2025-06-06T15:20:00,437255,2509.47,0.71238667,2580.1686139090907,2475.0104142272726,2025-06-06T23:07:00,437722,2475.0104142272726,-10.0,0
2025-06-06T15:22:00,437257,2510.76,0.75882,2581.494956727273,2476.282700181818,2025-06-06T22:36:00,437691,2476.282700181818,-10.0,0
2025-06-29T22:24:00,470799,2471.8,0.72556406,2541.4373472727275,2437.857691818182,2025-06-30T14:57:00,471792,2437.857691818182,-10.0,0
2025-06-30T17:59:00,471974,2486.75,0.6857297,2556.8085295454543,2452.602401136364,2025-07-01T05:25:00,472660,2452.602401136364,-10.0,0
2025-07-10T13:45:00,486120,2793.49,0.7534124,2872.1902319090905,2755.1303032272726,2025-07-10T21:19:00,486574,2872.1902319090905,15.0,1
2025-07-17T22:54:00,496749,3462.99,0.78832716,3560.5518728181814,3415.436850954545,2025-07-18T01:11:00,496886,3560.5518728181814,15.0,1
2025-07-17T22:55:00,496750,3463.6,0.80468917,3561.179058181818,3416.0384745454544,2025-07-18T01:11:00,496886,3561.179058181818,15.0,1
2025-07-17T22:56:00,496751,3462.95,0.7603237,3560.510745909091,3415.3974002272726,2025-07-18T01:11:00,496886,3560.510745909091,15.0,1
2025-07-17T22:57:00,496752,3460.72,0.7073716,3558.2179207272725,3413.198022181818,2025-07-18T01:11:00,496886,3558.2179207272725,15.0,1
2025-07-17T22:58:00,496753,3464.21,0.72626597,3561.8062435454544,3416.6400981363636,2025-07-18T01:11:00,496886,3561.8062435454544,15.0,1
2025-07-17T23:00:00,496755,3466.91,0.7464258,3564.582309909091,3419.303022227273,2025-07-18T01:11:00,496886,3564.582309909091,15.0,1
2025-07-17T23:01:00,496756,3472.92,0.7387551,3570.761628,3425.230494,2025-07-18T01:12:00,496887,3570.761628,15.0,1
2025-07-17T23:02:00,496757,3475.04,0.6875593,3572.941354181818,3427.3213825454545,2025-07-18T01:12:00,496887,3572.941354181818,15.0,1
2025-07-17T23:05:00,496760,3461.31,0.70393413,3558.8245426363637,3413.7799204090907,2025-07-18T01:11:00,496886,3558.8245426363637,15.0,1
2025-07-17T23:06:00,496761,3464.21,0.69846606,3561.8062435454544,3416.6400981363636,2025-07-18T01:11:00,496886,3561.8062435454544,15.0,1
2025-07-17T23:08:00,496763,3476.84,0.68838453,3574.792065090909,3429.0966652727275,2025-07-18T01:12:00,496887,3574.792065090909,15.0,1
2025-08-04T15:44:00,522239,3639.56,0.7174114,3742.096331272727,3589.582223818182,2025-08-05T14:15:00,523590,3589.582223818182,-10.0,0
2025-08-04T15:45:00,522240,3637.11,0.7369532,3739.5773080909094,3587.1658667727274,2025-08-05T14:15:00,523590,3587.1658667727274,-10.0,0
2025-08-04T15:46:00,522241,3635.36,0.68901336,3737.778005818182,3585.4398974545456,2025-08-05T14:15:00,523590,3585.4398974545456,-10.0,0
2025-08-04T15:51:00,522246,3645.0,0.691124,3747.689590909091,3594.947522727273,2025-08-05T14:15:00,523590,3594.947522727273,-10.0,0
